{
  "id": "condiments",
  "name": "Sauce's Condiment Pack",
  "author": [
    "SauceQuest31"
  ],
  "description": "An unbalanced mess made in Joker Forge by someone who has no clue what they're doing.\n\nCredits to all the creators of the content the mod references and uses images from! \nPS. Some textures are currently placeholders",
  "prefix": "sauce",
  "main_file": "main.lua",
  "version": "0.2.3",
  "priority": 0,
  "badge_colour": "666668",
  "badge_text_colour": "FFFFFF",
  "display_name": "Condiment Pack",
  "dependencies": [
    "Steamodded (>=1.0.0~BETA-0711a)"
  ]
}