{
  "id": "condiments",
  "name": "Sauce's Condiment Pack",
  "author": [
    "SauceQuest31"
  ],
  "description": "Crappy mod made in JokerForge with Cryptid-level balancing\n\nCredits to all the creators of the content the mod references and uses images from! \nPS. Some textures are currently placeholders",
  "prefix": "sauce",
  "main_file": "main.lua",
  "version": "5.3.0",
  "priority": 0,
  "badge_colour": "666668",
  "badge_text_colour": "FFFFFF",
  "display_name": "Condiment Pack",
  "dependencies": [
    "Steamodded (>=1.0.0~BETA-0711a)",
    "Talisman"
  ]
}